edge_id,citing,cited,weight,citing_short,cited_short
edge:0001,https://openalex.org/W4393935425,https://openalex.org/W4294189863,1,W4393935425,W4294189863
edge:0002,https://openalex.org/W4393935425,https://openalex.org/W4315754639,1,W4393935425,W4315754639
edge:0003,https://openalex.org/W4315754639,https://openalex.org/W4206841660,1,W4315754639,W4206841660
edge:0004,https://openalex.org/W4315754639,https://openalex.org/W4223502512,1,W4315754639,W4223502512
edge:0005,https://openalex.org/W4396721167,https://openalex.org/W4309674289,1,W4396721167,W4309674289
edge:0006,https://openalex.org/W4396721167,https://openalex.org/W4327550249,1,W4396721167,W4327550249
edge:0007,https://openalex.org/W4390874575,https://openalex.org/W4226002507,1,W4390874575,W4226002507
edge:0008,https://openalex.org/W4390874575,https://openalex.org/W4226069476,1,W4390874575,W4226069476
edge:0009,https://openalex.org/W4390946922,https://openalex.org/W4223502512,1,W4390946922,W4223502512
edge:0010,https://openalex.org/W4390946922,https://openalex.org/W4322719806,1,W4390946922,W4322719806
edge:0011,https://openalex.org/W4392777592,https://openalex.org/W4308183941,1,W4392777592,W4308183941
edge:0012,https://openalex.org/W4312443924,https://openalex.org/W4226002507,1,W4312443924,W4226002507
edge:0013,https://openalex.org/W4309506674,https://openalex.org/W4308616064,1,W4309506674,W4308616064
edge:0014,https://openalex.org/W4323655724,https://openalex.org/W4292779060,1,W4323655724,W4292779060
edge:0015,https://openalex.org/W4323655724,https://openalex.org/W4385245566,1,W4323655724,W4385245566
edge:0016,https://openalex.org/W4211191293,https://openalex.org/W4206055706,1,W4211191293,W4206055706
edge:0017,https://openalex.org/W4211191293,https://openalex.org/W4281934192,1,W4211191293,W4281934192
edge:0018,https://openalex.org/W4211191293,https://openalex.org/W4283695295,1,W4211191293,W4283695295
edge:0019,https://openalex.org/W4385318467,https://openalex.org/W4221151978,1,W4385318467,W4221151978
edge:0020,https://openalex.org/W4327550249,https://openalex.org/W4281790889,1,W4327550249,W4281790889
edge:0021,https://openalex.org/W4386153206,https://openalex.org/W4293217929,1,W4386153206,W4293217929
edge:0022,https://openalex.org/W4386153206,https://openalex.org/W4293354639,1,W4386153206,W4293354639
edge:0023,https://openalex.org/W4401916766,https://openalex.org/W4210370823,1,W4401916766,W4210370823
edge:0024,https://openalex.org/W4394894573,https://openalex.org/W4205208574,1,W4394894573,W4205208574
edge:0025,https://openalex.org/W4394894573,https://openalex.org/W4381799391,1,W4394894573,W4381799391
edge:0026,https://openalex.org/W4394894573,https://openalex.org/W4393858312,1,W4394894573,W4393858312
edge:0027,https://openalex.org/W4387164156,https://openalex.org/W4281790889,1,W4387164156,W4281790889
edge:0028,https://openalex.org/W4387164156,https://openalex.org/W4309506674,1,W4387164156,W4309506674
edge:0029,https://openalex.org/W4387164156,https://openalex.org/W4327550249,1,W4387164156,W4327550249
edge:0030,https://openalex.org/W4402754006,https://openalex.org/W4293584584,1,W4402754006,W4293584584
edge:0031,https://openalex.org/W4402754006,https://openalex.org/W4386076325,1,W4402754006,W4386076325
edge:0032,https://openalex.org/W4360620450,https://openalex.org/W4285585446,1,W4360620450,W4285585446
edge:0033,https://openalex.org/W4390873054,https://openalex.org/W4312933868,1,W4390873054,W4312933868
edge:0034,https://openalex.org/W4283271244,https://openalex.org/W4283381496,1,W4283271244,W4283381496
edge:0035,https://openalex.org/W4403770406,https://openalex.org/W4312443924,1,W4403770406,W4312443924
edge:0036,https://openalex.org/W4403770406,https://openalex.org/W4386076325,1,W4403770406,W4386076325
edge:0037,https://openalex.org/W4403770406,https://openalex.org/W4402754006,1,W4403770406,W4402754006
edge:0038,https://openalex.org/W4321232185,https://openalex.org/W4212875960,1,W4321232185,W4212875960
edge:0039,https://openalex.org/W4324046169,https://openalex.org/W4206662285,1,W4324046169,W4206662285
edge:0040,https://openalex.org/W4225672218,https://openalex.org/W3119997354,1,W4225672218,W3119997354
edge:0041,https://openalex.org/W4384561707,https://openalex.org/W4205164650,1,W4384561707,W4205164650
edge:0042,https://openalex.org/W4384561707,https://openalex.org/W4309674289,1,W4384561707,W4309674289
edge:0043,https://openalex.org/W4384561707,https://openalex.org/W4319662928,1,W4384561707,W4319662928
edge:0044,https://openalex.org/W4384561707,https://openalex.org/W4367310920,1,W4384561707,W4367310920
edge:0045,https://openalex.org/W4322719806,https://openalex.org/W4283313052,1,W4322719806,W4283313052
edge:0046,https://openalex.org/W4283313052,https://openalex.org/W4206841660,1,W4283313052,W4206841660
edge:0047,https://openalex.org/W4402557213,https://openalex.org/W4206677002,1,W4402557213,W4206677002
edge:0048,https://openalex.org/W4402557213,https://openalex.org/W4381799391,1,W4402557213,W4381799391
edge:0049,https://openalex.org/W4402557213,https://openalex.org/W4393858312,1,W4402557213,W4393858312
edge:0050,https://openalex.org/W4402557213,https://openalex.org/W4394894573,1,W4402557213,W4394894573
edge:0051,https://openalex.org/W4402557213,https://openalex.org/W4396946025,1,W4402557213,W4396946025
edge:0052,https://openalex.org/W4401164724,https://openalex.org/W4206055706,1,W4401164724,W4206055706
edge:0053,https://openalex.org/W4401164724,https://openalex.org/W4310461604,1,W4401164724,W4310461604
edge:0054,https://openalex.org/W4401164724,https://openalex.org/W4384522480,1,W4401164724,W4384522480
edge:0055,https://openalex.org/W4211038303,https://openalex.org/W4206841660,1,W4211038303,W4206841660
edge:0056,https://openalex.org/W4381598483,https://openalex.org/W4206055706,1,W4381598483,W4206055706
edge:0057,https://openalex.org/W4381598483,https://openalex.org/W4281934192,1,W4381598483,W4281934192
edge:0058,https://openalex.org/W4381598483,https://openalex.org/W4293217929,1,W4381598483,W4293217929
edge:0059,https://openalex.org/W4381598483,https://openalex.org/W4293354639,1,W4381598483,W4293354639
edge:0060,https://openalex.org/W4284884567,https://openalex.org/W4283716970,1,W4284884567,W4283716970
edge:0061,https://openalex.org/W4324309277,https://openalex.org/W4223591189,1,W4324309277,W4223591189
edge:0062,https://openalex.org/W4381681857,https://openalex.org/W4318923555,1,W4381681857,W4318923555
edge:0063,https://openalex.org/W4386706488,https://openalex.org/W4382362038,1,W4386706488,W4382362038
edge:0064,https://openalex.org/W3198377975,https://openalex.org/W3185341429,1,W3198377975,W3185341429
edge:0065,https://openalex.org/W4382203079,https://openalex.org/W4385245566,1,W4382203079,W4385245566
edge:0066,https://openalex.org/W4320002812,https://openalex.org/W4386076325,1,W4320002812,W4386076325
edge:0067,https://openalex.org/W4293217929,https://openalex.org/W4293217384,1,W4293217929,W4293217384
edge:0068,https://openalex.org/W4293217929,https://openalex.org/W4293217392,1,W4293217929,W4293217392
edge:0069,https://openalex.org/W4381893710,https://openalex.org/W4318923555,1,W4381893710,W4318923555
edge:0070,https://openalex.org/W4402049769,https://openalex.org/W4293217929,1,W4402049769,W4293217929
edge:0071,https://openalex.org/W4402049769,https://openalex.org/W4293354639,1,W4402049769,W4293354639
edge:0072,https://openalex.org/W4402049769,https://openalex.org/W4386152544,1,W4402049769,W4386152544
edge:0073,https://openalex.org/W4402049769,https://openalex.org/W4386153206,1,W4402049769,W4386153206
edge:0074,https://openalex.org/W4402049769,https://openalex.org/W4402064302,1,W4402049769,W4402064302
edge:0075,https://openalex.org/W4327946446,https://openalex.org/W4205164650,1,W4327946446,W4205164650
edge:0076,https://openalex.org/W4327946446,https://openalex.org/W4292779060,1,W4327946446,W4292779060
edge:0077,https://openalex.org/W4327946446,https://openalex.org/W4319662928,1,W4327946446,W4319662928
edge:0078,https://openalex.org/W4384522480,https://openalex.org/W4310461604,1,W4384522480,W4310461604
edge:0079,https://openalex.org/W4388823657,https://openalex.org/W4386076325,1,W4388823657,W4386076325
edge:0080,https://openalex.org/W4391109864,https://openalex.org/W4226002507,1,W4391109864,W4226002507
edge:0081,https://openalex.org/W4391109864,https://openalex.org/W4390874575,1,W4391109864,W4390874575
edge:0082,https://openalex.org/W4323036511,https://openalex.org/W4307425304,1,W4323036511,W4307425304
edge:0083,https://openalex.org/W4323036511,https://openalex.org/W4308616064,1,W4323036511,W4308616064
edge:0084,https://openalex.org/W4293354639,https://openalex.org/W4220837239,1,W4293354639,W4220837239
edge:0085,https://openalex.org/W4396946025,https://openalex.org/W4381799391,1,W4396946025,W4381799391
edge:0086,https://openalex.org/W4396946025,https://openalex.org/W4394894573,1,W4396946025,W4394894573
edge:0087,https://openalex.org/W4391136507,https://openalex.org/W4214907476,1,W4391136507,W4214907476
edge:0088,https://openalex.org/W4391136507,https://openalex.org/W4292779060,1,W4391136507,W4292779060
edge:0089,https://openalex.org/W4391136507,https://openalex.org/W4319662928,1,W4391136507,W4319662928
edge:0090,https://openalex.org/W4391136507,https://openalex.org/W4323655724,1,W4391136507,W4323655724
edge:0091,https://openalex.org/W4391136507,https://openalex.org/W4384071683,1,W4391136507,W4384071683
edge:0092,https://openalex.org/W4391136507,https://openalex.org/W4385245566,1,W4391136507,W4385245566
edge:0093,https://openalex.org/W4283695295,https://openalex.org/W4210242902,1,W4283695295,W4210242902
edge:0094,https://openalex.org/W4402064302,https://openalex.org/W4281934192,1,W4402064302,W4281934192
edge:0095,https://openalex.org/W4402064302,https://openalex.org/W4293217392,1,W4402064302,W4293217392
edge:0096,https://openalex.org/W4402064302,https://openalex.org/W4293217929,1,W4402064302,W4293217929
edge:0097,https://openalex.org/W4402064302,https://openalex.org/W4293354639,1,W4402064302,W4293354639
edge:0098,https://openalex.org/W4402064302,https://openalex.org/W4386153206,1,W4402064302,W4386153206
edge:0099,https://openalex.org/W4402064302,https://openalex.org/W4388592674,1,W4402064302,W4388592674
edge:0100,https://openalex.org/W4402064302,https://openalex.org/W4402049769,1,W4402064302,W4402049769
edge:0101,https://openalex.org/W4389166035,https://openalex.org/W4211191293,1,W4389166035,W4211191293
edge:0102,https://openalex.org/W4386152544,https://openalex.org/W4293217392,1,W4386152544,W4293217392
edge:0103,https://openalex.org/W4400089962,https://openalex.org/W4310461604,1,W4400089962,W4310461604
edge:0104,https://openalex.org/W4400089962,https://openalex.org/W4384522480,1,W4400089962,W4384522480
edge:0105,https://openalex.org/W4294732694,https://openalex.org/W4281687410,1,W4294732694,W4281687410
edge:0106,https://openalex.org/W4391169031,https://openalex.org/W4206055706,1,W4391169031,W4206055706
edge:0107,https://openalex.org/W4391169031,https://openalex.org/W4211191293,1,W4391169031,W4211191293
edge:0108,https://openalex.org/W4391169031,https://openalex.org/W4223591189,1,W4391169031,W4223591189
edge:0109,https://openalex.org/W4391169031,https://openalex.org/W4281934192,1,W4391169031,W4281934192
edge:0110,https://openalex.org/W4391169031,https://openalex.org/W4283695295,1,W4391169031,W4283695295
edge:0111,https://openalex.org/W4391169031,https://openalex.org/W4308183941,1,W4391169031,W4308183941
edge:0112,https://openalex.org/W4308616064,https://openalex.org/W4205192056,1,W4308616064,W4205192056
edge:0113,https://openalex.org/W4375858802,https://openalex.org/W4327550249,1,W4375858802,W4327550249
edge:0114,https://openalex.org/W4367310920,https://openalex.org/W4384071683,1,W4367310920,W4384071683
edge:0115,https://openalex.org/W4318923555,https://openalex.org/W4281934192,1,W4318923555,W4281934192
edge:0116,https://openalex.org/W4403479110,https://openalex.org/W4307425304,1,W4403479110,W4307425304
