citation_id,citing_doi,citing_w,cited_doi,cited_w
RED:1,10.1126/science.aal3573,W2600566292,10.1002/anie.201603204,W2471391451
RED:2,10.1007/s13204-021-02330-4,W4211027376,10.1007/s10845-020-01590-1,W3033510847
RED:3,10.1155/2022/9120772,W4306146956,10.1016/j.imbio.2021.152166,W4200316850
RED:4,10.1126/sciadv.1600983,W2752695001,10.1144/M36.2,W2328363848
RED:5,10.1007/s10586-017-1334-1,W2769524775,10.1109/ICPR.2016.7900086,W2964136035
RED:6,10.1038/s41598-022-06049-2,W4211154595,10.3390/ma14247565,W4200486416
RED:7,10.2298/gensr2103179b,W4245259537,10.2174/1574893615666200207094357,W3005031658
RED:8,10.1007/s10772-021-09921-0,W3214879986,10.32604/cmc.2020.013251,W3110972490
RED:9,10.1126/sciadv.1600983,W2752695001,10.1016/j.gr.2010.02.011,W2041899598
RED:10,10.1155/2022/9259389,W4281691891,10.1155/2021/8527068,W3199233023
RED:11,10.1126/science.aan3211,W2625737531,10.1038/299802a0,W2049471987
RED:12,10.1038/ncomms16007,W3010127968,10.1038/345315a0,W2008980136
RED:13,10.1073/pnas.1711233114,W2756391458,10.1002/eji.200737271,W2043149094
RED:14,10.1038/ncomms14049,W2951506174,10.1182/blood-2009-03-209262,W2107398329
RED:15,10.1155/2022/1827731,W4296312657,10.1093/bioinformatics/btz721,W2977291005
RED:16,10.1126/science.aag3055,W2603981417,10.1016/j.lithos.2014.03.014,W2085188166
RED:17,10.1126/sciadv.1601360,W2569004393,10.1111/ibi.12258,W2167270675
RED:18,10.1155/2022/9120772,W4306146956,10.1016/j.jbiotec.2021.11.001,W3214191220
RED:19,10.1155/2022/9120772,W4306146956,10.1007/s13139-021-00723-5,W3214821753
RED:20,10.1155/2023/1950220,W4321366248,10.1016/j.clon.2020.08.010,W3087071367
RED:21,10.2298/gensr2201063n,W4285242871,10.2298/GENSR2003127J,W3119303522
RED:22,10.1134/s0022476620040101,W3046008455,10.1007/s10853-018-2793-3,W2888892048
RED:23,10.1038/ncomms16099,W2952274186,10.1107/S0907444910007493,W2124026197
RED:24,10.1126/science.aal1579,W2529261853,10.1103/PhysRevB.93.174308,W2398571514
RED:25,10.1038/s41467-017-00519-2,W2745687093,10.1016/j.diamond.2008.01.033,W2082242402
RED:26,10.1038/nature21713,W2598830924,10.1186/gb-2014-15-2-r29,W2137526110
RED:27,10.2298/gensr2102769m,W3194037677,10.1002/anie.202016233,W3116766050
RED:28,10.1126/sciadv.1603015,W2585152223,10.1063/1.4966192,W2547447472
RED:29,10.1126/science.aam6808,W2604988916,10.1038/nature15257,W1440335865
RED:30,10.1126/science.aan6814,W2744024286,10.1039/c3nr03052k,W2141415026
