citation_id,dataset,citing_w,cited_w,citing_doi,cited_doi,是否在边表中,匹配状态,failure_status
RED:1,RED,W2600566292,W2471391451,10.1126/science.aal3573,10.1002/anie.201603204,否,匹配失败,no_external_match
RED:2,RED,W4211027376,W3033510847,10.1007/s13204-021-02330-4,10.1007/s10845-020-01590-1,否,匹配失败,no_external_match
RED:3,RED,W4306146956,W4200316850,10.1155/2022/9120772,10.1016/j.imbio.2021.152166,否,匹配失败,no_external_match
RED:4,RED,W2752695001,W2328363848,10.1126/sciadv.1600983,10.1144/M36.2,否,匹配失败,no_external_match
RED:5,RED,W2769524775,W2964136035,10.1007/s10586-017-1334-1,10.1109/ICPR.2016.7900086,否,匹配失败,no_external_match
RED:6,RED,W4211154595,W4200486416,10.1038/s41598-022-06049-2,10.3390/ma14247565,否,匹配失败,no_external_match
RED:7,RED,W4245259537,W3005031658,10.2298/gensr2103179b,10.2174/1574893615666200207094357,否,匹配失败,no_external_match
RED:8,RED,W3214879986,W3110972490,10.1007/s10772-021-09921-0,10.32604/cmc.2020.013251,否,匹配失败,no_external_match
RED:9,RED,W2752695001,W2041899598,10.1126/sciadv.1600983,10.1016/j.gr.2010.02.011,否,匹配失败,no_external_match
RED:10,RED,W4281691891,W3199233023,10.1155/2022/9259389,10.1155/2021/8527068,否,匹配失败,no_external_match
RED:11,RED,W2625737531,W2049471987,10.1126/science.aan3211,10.1038/299802a0,否,匹配失败,no_external_match
RED:12,RED,W3010127968,W2008980136,10.1038/ncomms16007,10.1038/345315a0,否,匹配失败,no_external_match
RED:13,RED,W2756391458,W2043149094,10.1073/pnas.1711233114,10.1002/eji.200737271,否,匹配失败,no_external_match
RED:14,RED,W2951506174,W2107398329,10.1038/ncomms14049,10.1182/blood-2009-03-209262,否,匹配失败,no_external_match
RED:15,RED,W4296312657,W2977291005,10.1155/2022/1827731,10.1093/bioinformatics/btz721,否,匹配失败,no_external_match
RED:16,RED,W2603981417,W2085188166,10.1126/science.aag3055,10.1016/j.lithos.2014.03.014,否,匹配失败,no_external_match
RED:17,RED,W2569004393,W2167270675,10.1126/sciadv.1601360,10.1111/ibi.12258,否,匹配失败,no_external_match
RED:18,RED,W4306146956,W3214191220,10.1155/2022/9120772,10.1016/j.jbiotec.2021.11.001,否,匹配失败,no_external_match
RED:19,RED,W4306146956,W3214821753,10.1155/2022/9120772,10.1007/s13139-021-00723-5,否,匹配失败,no_external_match
RED:20,RED,W4321366248,W3087071367,10.1155/2023/1950220,10.1016/j.clon.2020.08.010,否,匹配失败,no_external_match
RED:21,RED,W4285242871,W3119303522,10.2298/gensr2201063n,10.2298/GENSR2003127J,否,匹配失败,no_external_match
RED:22,RED,W3046008455,W2888892048,10.1134/s0022476620040101,10.1007/s10853-018-2793-3,否,匹配失败,no_external_match
RED:23,RED,W2952274186,W2124026197,10.1038/ncomms16099,10.1107/S0907444910007493,否,匹配失败,no_external_match
RED:24,RED,W2529261853,W2398571514,10.1126/science.aal1579,10.1103/PhysRevB.93.174308,否,匹配失败,no_external_match
RED:25,RED,W2745687093,W2082242402,10.1038/s41467-017-00519-2,10.1016/j.diamond.2008.01.033,否,匹配失败,no_external_match
RED:26,RED,W2598830924,W2137526110,10.1038/nature21713,10.1186/gb-2014-15-2-r29,否,匹配失败,no_external_match
RED:27,RED,W3194037677,W3116766050,10.2298/gensr2102769m,10.1002/anie.202016233,否,匹配失败,no_external_match
RED:28,RED,W2585152223,W2547447472,10.1126/sciadv.1603015,10.1063/1.4966192,否,匹配失败,no_external_match
RED:29,RED,W2604988916,W1440335865,10.1126/science.aam6808,10.1038/nature15257,否,匹配失败,no_external_match
RED:30,RED,W2744024286,W2141415026,10.1126/science.aan6814,10.1039/c3nr03052k,否,匹配失败,no_external_match
POSITIVE_TEST,internal,W4393935425,W4294189863,,,是,匹配成功,
